2018-01-29 Monday,02:57:14,404,GET,http://www.vertenyi.szakdoga.net/errors/404.php,84.0.40.4,
2018-01-29 Monday,02:57:14,403,GET,http://www.vertenyi.szakdoga.net/errors/403.php,84.0.40.4,
2018-01-29 Monday,02:54:13,404,GET,http://www.vertenyi.szakdoga.net/errors/404.php,84.0.40.4,
2018-01-29 Monday,02:54:12,404,GET,http://www.vertenyi.szakdoga.net/errors/404.php,84.0.40.4,
2018-01-29 Monday,02:44:39,404,GET,http://www.vertenyi.szakdoga.net/errors/404.php,84.0.40.4,
2018-01-29 Monday,02:44:37,404,GET,http://www.vertenyi.szakdoga.net/errors/404.php,84.0.40.4,
2018-01-29 Monday,02:42:36,404,GET,http://www.vertenyi.szakdoga.net/errors/404.php,84.0.40.4,
2018-01-29 Monday,02:42:36,404,GET,http://www.vertenyi.szakdoga.net/errors/404.php,84.0.40.4,
2018-01-29 Monday,02:42:35,404,GET,http://www.vertenyi.szakdoga.net/errors/404.php,84.0.40.4,
2018-01-29 Monday,02:42:04,404,GET,http://www.vertenyi.szakdoga.net/errors/404.php,84.0.40.4,
2018-01-29 Monday,02:42:03,404,GET,http://www.vertenyi.szakdoga.net/errors/404.php,84.0.40.4,
2018-01-29 Monday,02:42:02,404,GET,http://www.vertenyi.szakdoga.net/errors/404.php,84.0.40.4,
2018-01-29 Monday,02:41:48,404,GET,http://www.vertenyi.szakdoga.net/errors/404.php,84.0.40.4,
2018-01-29 Monday,02:41:48,404,GET,http://www.vertenyi.szakdoga.net/errors/404.php,84.0.40.4,
2018-01-29 Monday,02:41:46,404,GET,http://www.vertenyi.szakdoga.net/errors/404.php,84.0.40.4,
2018-01-29 Monday,02:40:59,404,GET,http://www.vertenyi.szakdoga.net/errors/404.php,84.0.40.4,
2018-01-29 Monday,02:40:59,404,GET,http://www.vertenyi.szakdoga.net/errors/404.php,84.0.40.4,
2018-01-29 Monday,02:40:58,404,GET,http://www.vertenyi.szakdoga.net/errors/404.php,84.0.40.4,
2018-01-29 Monday,02:40:52,404,GET,http://www.vertenyi.szakdoga.net/errors/404.php,84.0.40.4,
2018-01-29 Monday,02:40:52,404,GET,http://www.vertenyi.szakdoga.net/errors/404.php,84.0.40.4,
2018-01-29 Monday,02:40:51,404,GET,http://www.vertenyi.szakdoga.net/errors/404.php,84.0.40.4,
2018-01-29 Monday,02:40:40,404,GET,http://www.vertenyi.szakdoga.net/errors/404.php,84.0.40.4,
2018-01-29 Monday,02:40:40,404,GET,http://www.vertenyi.szakdoga.net/errors/404.php,84.0.40.4,
2018-01-29 Monday,02:40:39,404,GET,http://www.vertenyi.szakdoga.net/errors/404.php,84.0.40.4,
2018-01-29 Monday,02:40:28,404,GET,http://www.vertenyi.szakdoga.net/errors/404.php,84.0.40.4,
2018-01-29 Monday,02:40:27,404,GET,http://www.vertenyi.szakdoga.net/errors/404.php,84.0.40.4,
2018-01-29 Monday,02:40:27,404,GET,http://www.vertenyi.szakdoga.net/errors/404.php,84.0.40.4,
2018-01-29 Monday,02:40:16,404,GET,http://www.vertenyi.szakdoga.net/errors/404.php,84.0.40.4,
2018-01-29 Monday,02:40:15,404,GET,http://www.vertenyi.szakdoga.net/errors/404.php,84.0.40.4,
2018-01-29 Monday,02:40:15,404,GET,http://www.vertenyi.szakdoga.net/errors/404.php,84.0.40.4,
2018-01-29 Monday,02:40:04,404,GET,http://www.vertenyi.szakdoga.net/errors/404.php,84.0.40.4,
2018-01-29 Monday,02:40:03,404,GET,http://www.vertenyi.szakdoga.net/errors/404.php,84.0.40.4,
2018-01-29 Monday,02:40:03,404,GET,http://www.vertenyi.szakdoga.net/errors/404.php,84.0.40.4,
2018-01-29 Monday,02:39:52,404,GET,http://www.vertenyi.szakdoga.net/errors/404.php,84.0.40.4,
2018-01-29 Monday,02:39:51,404,GET,http://www.vertenyi.szakdoga.net/errors/404.php,84.0.40.4,
2018-01-29 Monday,02:39:50,404,GET,http://www.vertenyi.szakdoga.net/errors/404.php,84.0.40.4,
2018-01-29 Monday,02:39:40,404,GET,http://www.vertenyi.szakdoga.net/errors/404.php,84.0.40.4,
2018-01-29 Monday,02:39:39,404,GET,http://www.vertenyi.szakdoga.net/errors/404.php,84.0.40.4,
2018-01-29 Monday,02:39:38,404,GET,http://www.vertenyi.szakdoga.net/errors/404.php,84.0.40.4,
2018-01-29 Monday,02:39:27,404,GET,http://www.vertenyi.szakdoga.net/errors/404.php,84.0.40.4,
2018-01-29 Monday,02:39:27,404,GET,http://www.vertenyi.szakdoga.net/errors/404.php,84.0.40.4,
2018-01-29 Monday,02:39:26,404,GET,http://www.vertenyi.szakdoga.net/errors/404.php,84.0.40.4,
2018-01-29 Monday,02:39:15,404,GET,http://www.vertenyi.szakdoga.net/errors/404.php,84.0.40.4,
2018-01-29 Monday,02:39:15,404,GET,http://www.vertenyi.szakdoga.net/errors/404.php,84.0.40.4,
2018-01-29 Monday,02:39:14,404,GET,http://www.vertenyi.szakdoga.net/errors/404.php,84.0.40.4,
2018-01-29 Monday,02:39:03,404,GET,http://www.vertenyi.szakdoga.net/errors/404.php,84.0.40.4,
2018-01-29 Monday,02:39:03,404,GET,http://www.vertenyi.szakdoga.net/errors/404.php,84.0.40.4,
2018-01-29 Monday,02:39:02,404,GET,http://www.vertenyi.szakdoga.net/errors/404.php,84.0.40.4,
2018-01-29 Monday,02:38:51,404,GET,http://www.vertenyi.szakdoga.net/errors/404.php,84.0.40.4,
2018-01-29 Monday,02:38:51,404,GET,http://www.vertenyi.szakdoga.net/errors/404.php,84.0.40.4,
2018-01-29 Monday,02:38:50,404,GET,http://www.vertenyi.szakdoga.net/errors/404.php,84.0.40.4,
2018-01-29 Monday,02:38:39,404,GET,http://www.vertenyi.szakdoga.net/errors/404.php,84.0.40.4,
2018-01-29 Monday,02:38:39,404,GET,http://www.vertenyi.szakdoga.net/errors/404.php,84.0.40.4,
2018-01-29 Monday,02:38:38,404,GET,http://www.vertenyi.szakdoga.net/errors/404.php,84.0.40.4,
2018-01-28 Sunday,11:55:43,404,GET,http://127.0.0.1/jan/style/img/bg_line_inv.png,127.0.0.1,
2018-01-28 Sunday,11:55:43,404,GET,http://127.0.0.1/jan/style/img/AnnieUseYourTelescope-Regular.ttf,127.0.0.1,
2018-01-28 Sunday,11:55:15,404,GET,http://127.0.0.1/jan/style/img/bg_line_inv.png,127.0.0.1,
2018-01-28 Sunday,11:55:11,404,GET,http://127.0.0.1/jan/style/img/AnnieUseYourTelescope-Regular.ttf,127.0.0.1,
2018-01-28 Sunday,11:55:07,404,GET,http://127.0.0.1/jan/style/img/bg_line_inv.png,127.0.0.1,
2018-01-28 Sunday,11:55:06,404,GET,http://127.0.0.1/jan/style/img/AnnieUseYourTelescope-Regular.ttf,127.0.0.1,
2018-01-28 Sunday,11:55:06,404,GET,http://127.0.0.1/jan/style/img/bg_line_inv.png,127.0.0.1,
2018-01-28 Sunday,11:55:04,404,GET,http://127.0.0.1/jan/style/img/bg_line_inv.png,127.0.0.1,
2018-01-28 Sunday,11:55:04,404,GET,http://127.0.0.1/jan/style/img/AnnieUseYourTelescope-Regular.ttf,127.0.0.1,
2018-01-28 Sunday,11:55:02,404,GET,http://127.0.0.1/jan/style/img/bg_line_inv.png,127.0.0.1,
